{
  "drink_name": {
    "precision": 0.9230769230769231,
    "recall": 0.9230769230769231,
    "f1-score": 0.9230769230769231,
    "support": 13,
    "confused_with": {}
  },
  "pizza_size": {
    "precision": 1.0,
    "recall": 1.0,
    "f1-score": 1.0,
    "support": 7,
    "confused_with": {}
  },
  "order_time": {
    "precision": 1.0,
    "recall": 1.0,
    "f1-score": 1.0,
    "support": 10,
    "confused_with": {}
  },
  "ingredient": {
    "precision": 0.9545454545454546,
    "recall": 0.9545454545454546,
    "f1-score": 0.9545454545454546,
    "support": 22,
    "confused_with": {}
  },
  "client_name": {
    "precision": 1.0,
    "recall": 0.782608695652174,
    "f1-score": 0.878048780487805,
    "support": 23,
    "confused_with": {
      "address_street": 4
    }
  },
  "address_number": {
    "precision": 1.0,
    "recall": 1.0,
    "f1-score": 1.0,
    "support": 7,
    "confused_with": {}
  },
  "address_street": {
    "precision": 0.7777777777777778,
    "recall": 0.9130434782608695,
    "f1-score": 0.84,
    "support": 23,
    "confused_with": {
      "pizza_type": 1
    }
  },
  "pizza_type": {
    "precision": 0.9130434782608695,
    "recall": 1.0,
    "f1-score": 0.9545454545454545,
    "support": 21,
    "confused_with": {}
  },
  "drink_amount": {
    "precision": 1.0,
    "recall": 0.9230769230769231,
    "f1-score": 0.9600000000000001,
    "support": 13,
    "confused_with": {}
  },
  "micro avg": {
    "precision": 0.9280575539568345,
    "recall": 0.9280575539568345,
    "f1-score": 0.9280575539568345,
    "support": 139
  },
  "macro avg": {
    "precision": 0.9520492926290027,
    "recall": 0.944039052734705,
    "f1-score": 0.9455796236284042,
    "support": 139
  },
  "weighted avg": {
    "precision": 0.9357036110242242,
    "recall": 0.9280575539568345,
    "f1-score": 0.9283494711990938,
    "support": 139
  },
  "accuracy": 0.984504132231405
}