{
  "address_number": {
    "precision": 0.8571428571428571,
    "recall": 0.8571428571428571,
    "f1-score": 0.8571428571428571,
    "support": 7,
    "confused_with": {
      "drink_amount": 1
    }
  },
  "pizza_size": {
    "precision": 1.0,
    "recall": 1.0,
    "f1-score": 1.0,
    "support": 8,
    "confused_with": {}
  },
  "client_name": {
    "precision": 0.9473684210526315,
    "recall": 0.8181818181818182,
    "f1-score": 0.8780487804878049,
    "support": 22,
    "confused_with": {
      "address_street": 2
    }
  },
  "order_time": {
    "precision": 1.0,
    "recall": 0.9,
    "f1-score": 0.9473684210526316,
    "support": 10,
    "confused_with": {
      "address_number": 1
    }
  },
  "pizza_type": {
    "precision": 1.0,
    "recall": 1.0,
    "f1-score": 1.0,
    "support": 18,
    "confused_with": {}
  },
  "address_street": {
    "precision": 0.9130434782608695,
    "recall": 0.84,
    "f1-score": 0.8749999999999999,
    "support": 25,
    "confused_with": {
      "drink_amount": 1
    }
  },
  "drink_name": {
    "precision": 0.9285714285714286,
    "recall": 1.0,
    "f1-score": 0.962962962962963,
    "support": 13,
    "confused_with": {}
  },
  "drink_amount": {
    "precision": 0.8,
    "recall": 1.0,
    "f1-score": 0.888888888888889,
    "support": 12,
    "confused_with": {}
  },
  "ingredient": {
    "precision": 1.0,
    "recall": 1.0,
    "f1-score": 1.0,
    "support": 19,
    "confused_with": {}
  },
  "micro avg": {
    "precision": 0.9393939393939394,
    "recall": 0.9253731343283582,
    "f1-score": 0.9323308270676692,
    "support": 134
  },
  "macro avg": {
    "precision": 0.9384584650030874,
    "recall": 0.9350360750360751,
    "f1-score": 0.9343791011705718,
    "support": 134
  },
  "weighted avg": {
    "precision": 0.9428329909784193,
    "recall": 0.9253731343283582,
    "f1-score": 0.9317234519883822,
    "support": 134
  },
  "accuracy": 0.9867482161060143
}