{
  "address_number": {
    "precision": 0.0,
    "recall": 0.0,
    "f1-score": 0.0,
    "support": 7,
    "confused_with": {
      "drink_amount": 1
    }
  },
  "pizza_size": {
    "precision": 1.0,
    "recall": 1.0,
    "f1-score": 1.0,
    "support": 8,
    "confused_with": {}
  },
  "client_name": {
    "precision": 0.0,
    "recall": 0.0,
    "f1-score": 0.0,
    "support": 22,
    "confused_with": {}
  },
  "order_time": {
    "precision": 1.0,
    "recall": 0.2,
    "f1-score": 0.33333333333333337,
    "support": 10,
    "confused_with": {}
  },
  "pizza_type": {
    "precision": 1.0,
    "recall": 1.0,
    "f1-score": 1.0,
    "support": 18,
    "confused_with": {}
  },
  "address_street": {
    "precision": 0.0,
    "recall": 0.0,
    "f1-score": 0.0,
    "support": 25,
    "confused_with": {
      "drink_amount": 1
    }
  },
  "drink_name": {
    "precision": 0.0,
    "recall": 0.0,
    "f1-score": 0.0,
    "support": 13,
    "confused_with": {}
  },
  "drink_amount": {
    "precision": 0.7777777777777778,
    "recall": 0.5833333333333334,
    "f1-score": 0.6666666666666666,
    "support": 12,
    "confused_with": {}
  },
  "ingredient": {
    "precision": 1.0,
    "recall": 0.8947368421052632,
    "f1-score": 0.9444444444444444,
    "support": 19,
    "confused_with": {}
  },
  "micro avg": {
    "precision": 0.9629629629629629,
    "recall": 0.3880597014925373,
    "f1-score": 0.553191489361702,
    "support": 134
  },
  "macro avg": {
    "precision": 0.5308641975308642,
    "recall": 0.40867446393762186,
    "f1-score": 0.4382716049382716,
    "support": 134
  },
  "weighted avg": {
    "precision": 0.4800995024875623,
    "recall": 0.3880597014925373,
    "f1-score": 0.41252072968490877,
    "support": 134
  },
  "accuracy": 0.9164118246687054
}