{
  "address_number": {
    "precision": 0.875,
    "recall": 1.0,
    "f1-score": 0.9333333333333333,
    "support": 7,
    "confused_with": {}
  },
  "drink_amount": {
    "precision": 0.8,
    "recall": 1.0,
    "f1-score": 0.888888888888889,
    "support": 12,
    "confused_with": {}
  },
  "ingredient": {
    "precision": 1.0,
    "recall": 1.0,
    "f1-score": 1.0,
    "support": 19,
    "confused_with": {}
  },
  "pizza_size": {
    "precision": 1.0,
    "recall": 1.0,
    "f1-score": 1.0,
    "support": 8,
    "confused_with": {}
  },
  "order_time": {
    "precision": 1.0,
    "recall": 0.9,
    "f1-score": 0.9473684210526316,
    "support": 10,
    "confused_with": {
      "address_number": 1
    }
  },
  "drink_name": {
    "precision": 0.9285714285714286,
    "recall": 1.0,
    "f1-score": 0.962962962962963,
    "support": 13,
    "confused_with": {}
  },
  "pizza_type": {
    "precision": 0.9473684210526315,
    "recall": 1.0,
    "f1-score": 0.972972972972973,
    "support": 18,
    "confused_with": {}
  },
  "address_street": {
    "precision": 0.9166666666666666,
    "recall": 0.88,
    "f1-score": 0.8979591836734694,
    "support": 25,
    "confused_with": {
      "drink_amount": 2
    }
  },
  "client_name": {
    "precision": 0.95,
    "recall": 0.8636363636363636,
    "f1-score": 0.9047619047619048,
    "support": 22,
    "confused_with": {
      "address_street": 2
    }
  },
  "micro avg": {
    "precision": 0.9338235294117647,
    "recall": 0.9477611940298507,
    "f1-score": 0.9407407407407408,
    "support": 134
  },
  "macro avg": {
    "precision": 0.9352896129211918,
    "recall": 0.9604040404040403,
    "f1-score": 0.945360851960685,
    "support": 134
  },
  "weighted avg": {
    "precision": 0.9378039314704673,
    "recall": 0.9477611940298507,
    "f1-score": 0.9407422219340074,
    "support": 134
  },
  "accuracy": 0.9887869520897044
}