{
  "ingredient": {
    "precision": 1.0,
    "recall": 0.9895833333333334,
    "f1-score": 0.9947643979057591,
    "support": 96,
    "confused_with": {}
  },
  "address_street": {
    "precision": 1.0,
    "recall": 0.9724770642201835,
    "f1-score": 0.986046511627907,
    "support": 109,
    "confused_with": {
      "drink_amount": 2,
      "pizza_type": 1
    }
  },
  "client_name": {
    "precision": 1.0,
    "recall": 1.0,
    "f1-score": 1.0,
    "support": 109,
    "confused_with": {}
  },
  "drink_amount": {
    "precision": 0.8493150684931506,
    "recall": 1.0,
    "f1-score": 0.9185185185185185,
    "support": 62,
    "confused_with": {}
  },
  "address_number": {
    "precision": 0.9714285714285714,
    "recall": 0.8947368421052632,
    "f1-score": 0.9315068493150684,
    "support": 38,
    "confused_with": {
      "drink_amount": 4
    }
  },
  "order_time": {
    "precision": 1.0,
    "recall": 0.9807692307692307,
    "f1-score": 0.9902912621359222,
    "support": 52,
    "confused_with": {
      "address_number": 1
    }
  },
  "pizza_size": {
    "precision": 1.0,
    "recall": 1.0,
    "f1-score": 1.0,
    "support": 38,
    "confused_with": {}
  },
  "pizza_type": {
    "precision": 0.968421052631579,
    "recall": 1.0,
    "f1-score": 0.983957219251337,
    "support": 92,
    "confused_with": {}
  },
  "drink_name": {
    "precision": 1.0,
    "recall": 1.0,
    "f1-score": 1.0,
    "support": 68,
    "confused_with": {}
  },
  "micro avg": {
    "precision": 0.9776119402985075,
    "recall": 0.9864457831325302,
    "f1-score": 0.982008995502249,
    "support": 664
  },
  "macro avg": {
    "precision": 0.9765738547281446,
    "recall": 0.9819518300475567,
    "f1-score": 0.9783427509727236,
    "support": 664
  },
  "weighted avg": {
    "precision": 0.9799195132574794,
    "recall": 0.9864457831325302,
    "f1-score": 0.9824413707691362,
    "support": 664
  },
  "accuracy": 0.9964554718653079
}