{
  "address_number": {
    "precision": 0.0,
    "recall": 0.0,
    "f1-score": 0.0,
    "support": 7,
    "confused_with": {}
  },
  "pizza_type": {
    "precision": 0.9130434782608695,
    "recall": 1.0,
    "f1-score": 0.9545454545454545,
    "support": 21,
    "confused_with": {}
  },
  "drink_name": {
    "precision": 0.0,
    "recall": 0.0,
    "f1-score": 0.0,
    "support": 13,
    "confused_with": {}
  },
  "order_time": {
    "precision": 1.0,
    "recall": 0.2,
    "f1-score": 0.33333333333333337,
    "support": 10,
    "confused_with": {}
  },
  "client_name": {
    "precision": 0.0,
    "recall": 0.0,
    "f1-score": 0.0,
    "support": 23,
    "confused_with": {}
  },
  "drink_amount": {
    "precision": 1.0,
    "recall": 0.46153846153846156,
    "f1-score": 0.631578947368421,
    "support": 13,
    "confused_with": {}
  },
  "address_street": {
    "precision": 0.0,
    "recall": 0.0,
    "f1-score": 0.0,
    "support": 23,
    "confused_with": {
      "pizza_type": 1
    }
  },
  "ingredient": {
    "precision": 1.0,
    "recall": 0.9090909090909091,
    "f1-score": 0.9523809523809523,
    "support": 22,
    "confused_with": {}
  },
  "pizza_size": {
    "precision": 1.0,
    "recall": 1.0,
    "f1-score": 1.0,
    "support": 7,
    "confused_with": {}
  },
  "micro avg": {
    "precision": 0.9655172413793104,
    "recall": 0.4028776978417266,
    "f1-score": 0.5685279187817259,
    "support": 139
  },
  "macro avg": {
    "precision": 0.5458937198067633,
    "recall": 0.3967365967365967,
    "f1-score": 0.4302042986253512,
    "support": 139
  },
  "weighted avg": {
    "precision": 0.5120425398811385,
    "recall": 0.4028776978417266,
    "f1-score": 0.4283575190428655,
    "support": 139
  },
  "accuracy": 0.9132231404958677
}