{
  "pizza_size": {
    "precision": 1.0,
    "recall": 1.0,
    "f1-score": 1.0,
    "support": 12,
    "confused_with": {}
  },
  "drink_name": {
    "precision": 0.9333333333333333,
    "recall": 1.0,
    "f1-score": 0.9655172413793104,
    "support": 14,
    "confused_with": {}
  },
  "address_number": {
    "precision": 0.6,
    "recall": 0.8571428571428571,
    "f1-score": 0.7058823529411764,
    "support": 7,
    "confused_with": {
      "drink_amount": 1
    }
  },
  "pizza_type": {
    "precision": 1.0,
    "recall": 1.0,
    "f1-score": 1.0,
    "support": 19,
    "confused_with": {}
  },
  "address_street": {
    "precision": 0.9523809523809523,
    "recall": 0.8333333333333334,
    "f1-score": 0.888888888888889,
    "support": 24,
    "confused_with": {
      "ingredient": 1
    }
  },
  "order_time": {
    "precision": 1.0,
    "recall": 0.6363636363636364,
    "f1-score": 0.7777777777777778,
    "support": 11,
    "confused_with": {
      "address_number": 4
    }
  },
  "drink_amount": {
    "precision": 0.8125,
    "recall": 1.0,
    "f1-score": 0.896551724137931,
    "support": 13,
    "confused_with": {}
  },
  "client_name": {
    "precision": 1.0,
    "recall": 0.88,
    "f1-score": 0.9361702127659575,
    "support": 25,
    "confused_with": {
      "ingredient": 1
    }
  },
  "ingredient": {
    "precision": 0.9047619047619048,
    "recall": 1.0,
    "f1-score": 0.9500000000000001,
    "support": 19,
    "confused_with": {}
  },
  "micro avg": {
    "precision": 0.9230769230769231,
    "recall": 0.9166666666666666,
    "f1-score": 0.9198606271777002,
    "support": 144
  },
  "macro avg": {
    "precision": 0.911441798941799,
    "recall": 0.9118710918710919,
    "f1-score": 0.9023097997656713,
    "support": 144
  },
  "weighted avg": {
    "precision": 0.9366443452380953,
    "recall": 0.9166666666666666,
    "f1-score": 0.9198384338314551,
    "support": 144
  },
  "accuracy": 0.9842209072978304
}