{
  "pizza_size": {
    "precision": 1.0,
    "recall": 1.0,
    "f1-score": 1.0,
    "support": 7,
    "confused_with": {}
  },
  "drink_name": {
    "precision": 0.8571428571428571,
    "recall": 1.0,
    "f1-score": 0.923076923076923,
    "support": 12,
    "confused_with": {}
  },
  "client_name": {
    "precision": 0.875,
    "recall": 0.9130434782608695,
    "f1-score": 0.8936170212765957,
    "support": 23,
    "confused_with": {}
  },
  "address_number": {
    "precision": 1.0,
    "recall": 0.8571428571428571,
    "f1-score": 0.923076923076923,
    "support": 7,
    "confused_with": {
      "drink_amount": 1
    }
  },
  "drink_amount": {
    "precision": 0.8571428571428571,
    "recall": 1.0,
    "f1-score": 0.923076923076923,
    "support": 12,
    "confused_with": {}
  },
  "ingredient": {
    "precision": 0.9,
    "recall": 1.0,
    "f1-score": 0.9473684210526316,
    "support": 18,
    "confused_with": {}
  },
  "address_street": {
    "precision": 0.92,
    "recall": 0.9583333333333334,
    "f1-score": 0.9387755102040817,
    "support": 24,
    "confused_with": {
      "ingredient": 1
    }
  },
  "pizza_type": {
    "precision": 0.9333333333333333,
    "recall": 1.0,
    "f1-score": 0.9655172413793104,
    "support": 14,
    "confused_with": {}
  },
  "order_time": {
    "precision": 1.0,
    "recall": 1.0,
    "f1-score": 1.0,
    "support": 13,
    "confused_with": {}
  },
  "micro avg": {
    "precision": 0.9130434782608695,
    "recall": 0.9692307692307692,
    "f1-score": 0.9402985074626865,
    "support": 130
  },
  "macro avg": {
    "precision": 0.926957671957672,
    "recall": 0.9698355187485623,
    "f1-score": 0.9460565514603765,
    "support": 130
  },
  "weighted avg": {
    "precision": 0.9157161172161173,
    "recall": 0.9692307692307692,
    "f1-score": 0.9405312408300154,
    "support": 130
  },
  "accuracy": 0.9862068965517241
}