{
  "ingredient": {
    "precision": 0.9047619047619048,
    "recall": 1.0,
    "f1-score": 0.9500000000000001,
    "support": 19,
    "confused_with": {}
  },
  "address_street": {
    "precision": 0.84,
    "recall": 0.875,
    "f1-score": 0.8571428571428572,
    "support": 24,
    "confused_with": {
      "client_name": 2,
      "ingredient": 1
    }
  },
  "address_number": {
    "precision": 1.0,
    "recall": 1.0,
    "f1-score": 1.0,
    "support": 7,
    "confused_with": {}
  },
  "pizza_size": {
    "precision": 1.0,
    "recall": 1.0,
    "f1-score": 1.0,
    "support": 12,
    "confused_with": {}
  },
  "drink_name": {
    "precision": 0.9333333333333333,
    "recall": 1.0,
    "f1-score": 0.9655172413793104,
    "support": 14,
    "confused_with": {}
  },
  "drink_amount": {
    "precision": 0.8461538461538461,
    "recall": 0.8461538461538461,
    "f1-score": 0.8461538461538461,
    "support": 13,
    "confused_with": {}
  },
  "pizza_type": {
    "precision": 0.9047619047619048,
    "recall": 1.0,
    "f1-score": 0.9500000000000001,
    "support": 19,
    "confused_with": {}
  },
  "order_time": {
    "precision": 1.0,
    "recall": 1.0,
    "f1-score": 1.0,
    "support": 11,
    "confused_with": {}
  },
  "client_name": {
    "precision": 0.7727272727272727,
    "recall": 0.68,
    "f1-score": 0.7234042553191491,
    "support": 25,
    "confused_with": {
      "pizza_type": 2
    }
  },
  "micro avg": {
    "precision": 0.891156462585034,
    "recall": 0.9097222222222222,
    "f1-score": 0.9003436426116839,
    "support": 144
  },
  "macro avg": {
    "precision": 0.9113042513042513,
    "recall": 0.9334615384615385,
    "f1-score": 0.9213575777772404,
    "support": 144
  },
  "weighted avg": {
    "precision": 0.8883736171236171,
    "recall": 0.9097222222222222,
    "f1-score": 0.8977345578730392,
    "support": 144
  },
  "accuracy": 0.9792899408284024
}