{
  "client_name": {
    "precision": 0.75,
    "recall": 0.9,
    "f1-score": 0.8181818181818182,
    "support": 20,
    "confused_with": {
      "ingredient": 2
    }
  },
  "drink_name": {
    "precision": 0.8571428571428571,
    "recall": 0.9230769230769231,
    "f1-score": 0.888888888888889,
    "support": 13,
    "confused_with": {
      "pizza_type": 1
    }
  },
  "pizza_size": {
    "precision": 1.0,
    "recall": 1.0,
    "f1-score": 1.0,
    "support": 7,
    "confused_with": {}
  },
  "address_number": {
    "precision": 1.0,
    "recall": 0.8571428571428571,
    "f1-score": 0.923076923076923,
    "support": 7,
    "confused_with": {
      "drink_amount": 1
    }
  },
  "drink_amount": {
    "precision": 0.9166666666666666,
    "recall": 0.9166666666666666,
    "f1-score": 0.9166666666666666,
    "support": 12,
    "confused_with": {}
  },
  "address_street": {
    "precision": 0.9130434782608695,
    "recall": 0.9545454545454546,
    "f1-score": 0.9333333333333332,
    "support": 22,
    "confused_with": {}
  },
  "pizza_type": {
    "precision": 0.8888888888888888,
    "recall": 1.0,
    "f1-score": 0.9411764705882353,
    "support": 16,
    "confused_with": {}
  },
  "order_time": {
    "precision": 1.0,
    "recall": 1.0,
    "f1-score": 1.0,
    "support": 9,
    "confused_with": {}
  },
  "ingredient": {
    "precision": 0.8947368421052632,
    "recall": 1.0,
    "f1-score": 0.9444444444444444,
    "support": 17,
    "confused_with": {}
  },
  "micro avg": {
    "precision": 0.8863636363636364,
    "recall": 0.9512195121951219,
    "f1-score": 0.9176470588235294,
    "support": 123
  },
  "macro avg": {
    "precision": 0.9133865258960606,
    "recall": 0.9501591001591001,
    "f1-score": 0.9295298383533677,
    "support": 123
  },
  "weighted avg": {
    "precision": 0.8915655463626665,
    "recall": 0.9512195121951219,
    "f1-score": 0.918930429260415,
    "support": 123
  },
  "accuracy": 0.9825819672131147
}