{
  "address_street": {
    "precision": 0.95,
    "recall": 0.8636363636363636,
    "f1-score": 0.9047619047619048,
    "support": 22,
    "confused_with": {}
  },
  "drink_name": {
    "precision": 0.9230769230769231,
    "recall": 0.9230769230769231,
    "f1-score": 0.9230769230769231,
    "support": 13,
    "confused_with": {}
  },
  "order_time": {
    "precision": 0.9,
    "recall": 1.0,
    "f1-score": 0.9473684210526316,
    "support": 9,
    "confused_with": {}
  },
  "pizza_type": {
    "precision": 0.9411764705882353,
    "recall": 1.0,
    "f1-score": 0.9696969696969697,
    "support": 16,
    "confused_with": {}
  },
  "drink_amount": {
    "precision": 0.8571428571428571,
    "recall": 1.0,
    "f1-score": 0.923076923076923,
    "support": 12,
    "confused_with": {}
  },
  "address_number": {
    "precision": 1.0,
    "recall": 0.7142857142857143,
    "f1-score": 0.8333333333333333,
    "support": 7,
    "confused_with": {
      "order_time": 1,
      "drink_amount": 1
    }
  },
  "ingredient": {
    "precision": 0.8947368421052632,
    "recall": 1.0,
    "f1-score": 0.9444444444444444,
    "support": 17,
    "confused_with": {}
  },
  "client_name": {
    "precision": 0.9444444444444444,
    "recall": 0.85,
    "f1-score": 0.8947368421052632,
    "support": 20,
    "confused_with": {
      "ingredient": 2
    }
  },
  "pizza_size": {
    "precision": 1.0,
    "recall": 1.0,
    "f1-score": 1.0,
    "support": 7,
    "confused_with": {}
  },
  "micro avg": {
    "precision": 0.926829268292683,
    "recall": 0.926829268292683,
    "f1-score": 0.926829268292683,
    "support": 123
  },
  "macro avg": {
    "precision": 0.9345086152619692,
    "recall": 0.927888777888778,
    "f1-score": 0.9267217512831548,
    "support": 123
  },
  "weighted avg": {
    "precision": 0.9304386424374342,
    "recall": 0.926829268292683,
    "f1-score": 0.9252583578642629,
    "support": 123
  },
  "accuracy": 0.985655737704918
}