{
  "client_name": {
    "precision": 1.0,
    "recall": 0.6956521739130435,
    "f1-score": 0.8205128205128205,
    "support": 23,
    "confused_with": {
      "pizza_type": 2
    }
  },
  "address_number": {
    "precision": 0.42857142857142855,
    "recall": 0.8571428571428571,
    "f1-score": 0.5714285714285714,
    "support": 7,
    "confused_with": {
      "drink_amount": 1
    }
  },
  "drink_name": {
    "precision": 0.9230769230769231,
    "recall": 1.0,
    "f1-score": 0.9600000000000001,
    "support": 12,
    "confused_with": {}
  },
  "pizza_size": {
    "precision": 1.0,
    "recall": 1.0,
    "f1-score": 1.0,
    "support": 7,
    "confused_with": {}
  },
  "pizza_type": {
    "precision": 0.8235294117647058,
    "recall": 1.0,
    "f1-score": 0.9032258064516129,
    "support": 14,
    "confused_with": {}
  },
  "ingredient": {
    "precision": 0.9473684210526315,
    "recall": 1.0,
    "f1-score": 0.972972972972973,
    "support": 18,
    "confused_with": {}
  },
  "order_time": {
    "precision": 1.0,
    "recall": 0.38461538461538464,
    "f1-score": 0.5555555555555556,
    "support": 13,
    "confused_with": {
      "address_number": 8
    }
  },
  "drink_amount": {
    "precision": 0.8571428571428571,
    "recall": 1.0,
    "f1-score": 0.923076923076923,
    "support": 12,
    "confused_with": {}
  },
  "address_street": {
    "precision": 0.8461538461538461,
    "recall": 0.9166666666666666,
    "f1-score": 0.8799999999999999,
    "support": 24,
    "confused_with": {
      "ingredient": 1
    }
  },
  "micro avg": {
    "precision": 0.8549618320610687,
    "recall": 0.8615384615384616,
    "f1-score": 0.8582375478927202,
    "support": 130
  },
  "macro avg": {
    "precision": 0.8695380986402658,
    "recall": 0.8726752313708837,
    "f1-score": 0.8429747388887173,
    "support": 130
  },
  "weighted avg": {
    "precision": 0.894249023184484,
    "recall": 0.8615384615384616,
    "f1-score": 0.8536124228828944,
    "support": 130
  },
  "accuracy": 0.9773399014778326
}